Task ID,Task Name,Description,Priority,Status,Due Date
1,Design UI,Create wireframes for the homepage,High,In Progress,2025-03-20
2,Set up Backend,Initialize Django project and configure database,High,Not Started,2025-03-22
3,Implement Auctions,Develop bidding logic and real-time updates,Medium,In Progress,2025-03-25
4,Stripe Integration,Integrate Stripe for payments and payouts,High,Not Started,2025-03-28
5,Testing,Perform unit and integration tests,Low,Pending,2025-04-01
6,Deploy to Server,Deploy the application on a cloud server,Medium,Not Started,2025-04-05
7,User Feedback,Collect feedback from early users and improve UX,Low,Pending,2025-04-10
8,Optimize Performance,Improve app loading speed and database queries,High,In Progress,2025-04-15
9,Fix Bugs,Identify and fix critical bugs before launch,Medium,Pending,2025-04-18
10,Write Documentation,Write user guides and API documentation,Low,Not Started,2025-04-20
